AA, codon, per_1k_plasmid, per_1k_chromosome, count_plasmid, count_chromosome, rel_freq_plasmid, rel_freq_chromosome
K, AAA, 44.68, 34.05, 2080, 40110, 0.73, 0.76
N, AAC, 18.32, 21.5, 853, 25327, 0.34, 0.56
K, AAG, 16.13, 10.71, 751, 12616, 0.27, 0.24
N, AAU, 35.7, 17.0, 1662, 20020, 0.66, 0.44
T, ACA, 17.44, 7.06, 812, 8314, 0.33, 0.13
T, ACC, 11.73, 22.74, 546, 26790, 0.22, 0.43
T, ACG, 10.87, 14.59, 506, 17184, 0.21, 0.27
T, ACU, 12.82, 8.79, 597, 10350, 0.24, 0.17
R, AGA, 11.75, 2.41, 547, 2836, 0.19, 0.04
S, AGC, 12.29, 15.89, 572, 18712, 0.16, 0.28
R, AGG, 6.77, 1.53, 315, 1798, 0.11, 0.03
S, AGU, 15.29, 8.67, 712, 10207, 0.2, 0.15
I, AUA, 20.11, 4.31, 936, 5081, 0.32, 0.07
I, AUC, 15.53, 25.0, 723, 29449, 0.25, 0.43
M, AUG, 23.95, 28.03, 1115, 33011, 1.0, 1.0
I, AUU, 26.85, 29.16, 1250, 34344, 0.43, 0.5
Q, CAA, 15.17, 14.96, 706, 17620, 0.38, 0.34
H, CAC, 7.99, 9.73, 372, 11466, 0.33, 0.44
Q, CAG, 24.81, 29.54, 1155, 34793, 0.62, 0.66
H, CAU, 16.39, 12.63, 763, 14876, 0.67, 0.56
P, CCA, 9.69, 8.36, 451, 9847, 0.26, 0.19
P, CCC, 6.34, 5.34, 295, 6287, 0.17, 0.12
P, CCG, 11.62, 23.61, 541, 27814, 0.31, 0.53
P, CCU, 9.62, 6.93, 448, 8168, 0.26, 0.16
R, CGA, 6.12, 3.56, 285, 4195, 0.1, 0.06
R, CGC, 11.36, 22.33, 529, 26304, 0.18, 0.39
R, CGG, 10.72, 5.73, 499, 6746, 0.17, 0.1
R, CGU, 16.09, 21.67, 749, 25526, 0.26, 0.38
L, CUA, 7.2, 3.91, 335, 4609, 0.07, 0.04
L, CUC, 10.46, 11.11, 487, 13081, 0.1, 0.1
L, CUG, 33.66, 53.83, 1567, 63402, 0.33, 0.51
L, CUU, 18.41, 11.31, 857, 13317, 0.18, 0.11
E, GAA, 38.36, 40.41, 1786, 47602, 0.63, 0.69
D, GAC, 16.05, 19.37, 747, 22815, 0.32, 0.38
E, GAG, 22.4, 18.54, 1043, 21840, 0.37, 0.31
D, GAU, 34.28, 31.85, 1596, 37513, 0.68, 0.62
A, GCA, 21.44, 20.18, 998, 23765, 0.29, 0.21
A, GCC, 19.01, 25.16, 885, 29637, 0.26, 0.27
A, GCG, 13.27, 33.39, 618, 39333, 0.18, 0.35
A, GCU, 19.33, 15.66, 900, 18441, 0.26, 0.17
G, GGA, 17.25, 8.27, 803, 9737, 0.29, 0.11
G, GGC, 12.37, 28.84, 576, 33969, 0.21, 0.4
G, GGG, 11.45, 10.93, 533, 12874, 0.19, 0.15
G, GGU, 17.81, 24.74, 829, 29143, 0.3, 0.34
V, GUA, 12.31, 11.08, 573, 13052, 0.21, 0.16
V, GUC, 11.36, 15.04, 529, 17711, 0.19, 0.21
V, GUG, 16.09, 26.41, 749, 31113, 0.27, 0.37
V, GUU, 18.84, 18.27, 877, 21521, 0.32, 0.26
STOP, UAA, 1.85, 2.08, 86, 2449, 0.48, 0.62
Y, UAC, 11.13, 12.69, 518, 14946, 0.34, 0.45
STOP, UAG, 0.43, 0.26, 20, 307, 0.11, 0.08
Y, UAU, 21.16, 15.66, 985, 18450, 0.66, 0.55
S, UCA, 16.07, 6.94, 748, 8180, 0.21, 0.12
S, UCC, 9.06, 8.66, 422, 10203, 0.12, 0.15
S, UCG, 5.91, 8.69, 275, 10236, 0.08, 0.15
S, UCU, 16.71, 8.44, 778, 9945, 0.22, 0.15
STOP, UGA, 1.55, 0.99, 72, 1163, 0.4, 0.3
C, UGC, 6.55, 6.56, 305, 7731, 0.49, 0.56
W, UGG, 13.55, 15.37, 631, 18105, 1.0, 1.0
C, UGU, 6.81, 5.15, 317, 6070, 0.51, 0.44
L, UUA, 20.26, 13.1, 943, 15429, 0.2, 0.12
F, UUC, 15.12, 16.83, 704, 19824, 0.38, 0.44
L, UUG, 11.88, 13.15, 553, 15494, 0.12, 0.12
F, UUU, 24.47, 21.31, 1139, 25101, 0.62, 0.56